4.039228006075664679e-01,4.630119854056357620e-01,5.235939934765624360e-01,5.821083054126652279e-01,6.348975285324516271e-01,6.866395191402803189e-01,7.375367283086214920e-01,7.865785600715853310e-01,8.329684591556946183e-01,8.761225093509643624e-01,9.155813440377292833e-01,9.510357301313195899e-01,9.823128116514826536e-01,1.009221265592893824e+00,1.031742431820843464e+00,1.050149539779588803e+00,1.064413754934143030e+00,1.074856709821990552e+00,1.081834525767710220e+00,1.085373945893402858e+00,1.086083846388713248e+00,1.084164519717000008e+00,1.079955960070311027e+00,1.073644464524935227e+00,1.065706106487475768e+00,1.056320892427378810e+00,1.045742853229485902e+00,1.034203811138530105e+00,1.021964009656041172e+00,1.009013402372733736e+00,9.956801977773828138e-01,9.821844753979818154e-01,9.684013372785436058e-01,9.547121357859645885e-01,9.408547507980160596e-01,9.272198307275160145e-01,9.135213574965527217e-01,9.002932551222668778e-01,8.870085892308839925e-01,8.740890363928248696e-01,8.610208302696780169e-01,8.483728191556338949e-01,8.359987338240543187e-01,8.241439177351698175e-01,8.123942864118451901e-01,8.013808481769607583e-01,7.904408729578820125e-01,7.798997629245724150e-01,7.696816702843646274e-01,7.598853326288317334e-01,7.505737278746825725e-01
3.533273832872632636e-01,4.065970693764073829e-01,4.626432183275506205e-01,5.211007033788359610e-01,5.813265809284573482e-01,6.418657938048841771e-01,6.989305765956561611e-01,7.512509430254789011e-01,8.029801968595565720e-01,8.541329302181996930e-01,9.039394568988871059e-01,9.517417225711770623e-01,9.971670051922822964e-01,1.039600439649919217e+00,1.078899145736943233e+00,1.114761878685287755e+00,1.147106062599720255e+00,1.175740809844170620e+00,1.200768110219601503e+00,1.222075283243805766e+00,1.239868154242831144e+00,1.254164230704497784e+00,1.265369193232427580e+00,1.273323292423808484e+00,1.278491339252859849e+00,1.280952712615474720e+00,1.280917456148404909e+00,1.278817445099296179e+00,1.274756248705770867e+00,1.268809491309170534e+00,1.261404308989141354e+00,1.252950617747090156e+00,1.243071303623824120e+00,1.232349096841593106e+00,1.220762121327821026e+00,1.208464504660113903e+00,1.195632104095232906e+00,1.182674856967540711e+00,1.169240588270067382e+00,1.155690575097622741e+00,1.141649274678774306e+00,1.127895106623834964e+00,1.114074262007284544e+00,1.100165577738187350e+00,1.086615570320846214e+00,1.072828670823849473e+00,1.059367006314193338e+00,1.045692135935665679e+00,1.032237671393157141e+00,1.019271108249984570e+00,1.006345165420696963e+00
3.137344801999562005e-01,3.616880099937870297e-01,4.124261441513082382e-01,4.657875149959553873e-01,5.215697068329573360e-01,5.795397317051524944e-01,6.392436616241682357e-01,6.999492000486672305e-01,7.598835184811667531e-01,8.155998373285161529e-01,8.676605346470859237e-01,9.193865147255603221e-01,9.707992924822334002e-01,1.021076926082598257e+00,1.069822337877970986e+00,1.116574293500565140e+00,1.161041459129959597e+00,1.202963763739792524e+00,1.242090423399442756e+00,1.278267046129440976e+00,1.311352403943861100e+00,1.341270333904643230e+00,1.368094810430665387e+00,1.391651102925711037e+00,1.412022821174436560e+00,1.429377148115554164e+00,1.443750839119282370e+00,1.455291774320143228e+00,1.463993036890543831e+00,1.470325633947147548e+00,1.474175697736720858e+00,1.475755540897218943e+00,1.475355975453767066e+00,1.473051434026371842e+00,1.469100395429066008e+00,1.463464300181279265e+00,1.456481756817815443e+00,1.448403335305435302e+00,1.439319676710269613e+00,1.429211984399629154e+00,1.418254070374762588e+00,1.406738652135208101e+00,1.394619983917919637e+00,1.381968421711353479e+00,1.368922962962159318e+00,1.355477657178697504e+00,1.341804511404052658e+00,1.328229919094155553e+00,1.314242045733397202e+00,1.300503014170509841e+00,1.286532710661730583e+00
2.821856091131096922e-01,3.256712620339543007e-01,3.718168274587031474e-01,4.205122899446107065e-01,4.716429280523206091e-01,5.250999691996016683e-01,5.806783199729487199e-01,6.382131799418678808e-01,6.974283539756678252e-01,7.578573851946709405e-01,8.185974310994780234e-01,8.776525027425664538e-01,9.323628174566507276e-01,9.842655844962180378e-01,1.035970264810706309e+00,1.087388955709793992e+00,1.137970649268249312e+00,1.187351797247724328e+00,1.235121953846978426e+00,1.281018951194756506e+00,1.324775227914587905e+00,1.366261143331061412e+00,1.405334786499099042e+00,1.441717465424754652e+00,1.475349728340261235e+00,1.506197840293947543e+00,1.534280886025980006e+00,1.559528700943589419e+00,1.582001937007806447e+00,1.601613521165426102e+00,1.618668312684337307e+00,1.632914316423816015e+00,1.644836185305178500e+00,1.654208910663951038e+00,1.661396925420043136e+00,1.666210480639353397e+00,1.669053434639915734e+00,1.670027449756732674e+00,1.669086124225277024e+00,1.666778912876649699e+00,1.662691909864629558e+00,1.657488972146564210e+00,1.650920194161325405e+00,1.643285486834836773e+00,1.634676237464724124e+00,1.624955158934431765e+00,1.614637607993105517e+00,1.603437065247073745e+00,1.592165402119815720e+00,1.579931896787504009e+00,1.567354201972565253e+00
2.565495551059458479e-01,2.962815899393801966e-01,3.385300710724984952e-01,3.832090234622729241e-01,4.302354078537649062e-01,4.795360409370120203e-01,5.309772488541931734e-01,5.844717859927843762e-01,6.399034522787998558e-01,6.971118802827703798e-01,7.558965036978192442e-01,8.159480999630035480e-01,8.768417852213926666e-01,9.372943075650814748e-01,9.952944033011354996e-01,1.049030481216610911e+00,1.100844782225202989e+00,1.152529576283296775e+00,1.204009153365192653e+00,1.254838212173240652e+00,1.304649169961547450e+00,1.353135725123790545e+00,1.400151081037527723e+00,1.445338773694819778e+00,1.488526903972685611e+00,1.529596444288196633e+00,1.568461596865892815e+00,1.605033168301326363e+00,1.639087964259775543e+00,1.670670479934662112e+00,1.699705455933842257e+00,1.726306290748559569e+00,1.750386097818989128e+00,1.771953729653816811e+00,1.790961724823393553e+00,1.807605067059838699e+00,1.822050879836598636e+00,1.833924046745606606e+00,1.843761011090053303e+00,1.851568733437839454e+00,1.857226428489725523e+00,1.861129937463220196e+00,1.863468658154211921e+00,1.863816980012734215e+00,1.862625423377024081e+00,1.860208378523238393e+00,1.856004779679904848e+00,1.850871717329926502e+00,1.844456274082004965e+00,1.837239087807445381e+00,1.828993002507914412e+00
2.353497661038342070e-01,2.719052951929974427e-01,3.108328958159807809e-01,3.520682272594959916e-01,3.955397843599043894e-01,4.411973941790487963e-01,4.889290033528437829e-01,5.386863255169318521e-01,5.903879102598573736e-01,6.439470758557269692e-01,6.992586617998494125e-01,7.562049205055493273e-01,8.147274184558243038e-01,8.744033554773317229e-01,9.349703353047177368e-01,9.958218818630022451e-01,1.055741457512752612e+00,1.112651764363662421e+00,1.165745284646449997e+00,1.217499597837742087e+00,1.269188753900086120e+00,1.320684804050932915e+00,1.371756943624054426e+00,1.421906029144222483e+00,1.470937528876178346e+00,1.518650101252230655e+00,1.564843053489059388e+00,1.609363950913004659e+00,1.652062631137533266e+00,1.692817834019368695e+00,1.731513924509880065e+00,1.768125702076881023e+00,1.802667477454119371e+00,1.834798818633560424e+00,1.864767917141456621e+00,1.892266837741895413e+00,1.917611860198751295e+00,1.940687250679694387e+00,1.961510226048898353e+00,1.980042968979309537e+00,1.996321635122669802e+00,2.010633985614883823e+00,2.022697103810461527e+00,2.033118188325581333e+00,2.041227807295867613e+00,2.047657136060931471e+00,2.052436972731257026e+00,2.055479941212138950e+00,2.056884152865862347e+00,2.056757401407545149e+00,2.055396866021391045e+00
2.175647901344975876e-01,2.514013571585728690e-01,2.874771210599084692e-01,3.257341605055363298e-01,3.661237401511837630e-01,4.086009566324785292e-01,4.530718424751432605e-01,4.994986572238598321e-01,5.478221466222585878e-01,5.979757405182846153e-01,6.499036468752229512e-01,7.035152784457532338e-01,7.588365369755105672e-01,8.155686864432957206e-01,8.736775408541849197e-01,9.330016265505287620e-01,9.932843509304499774e-01,1.054125352980562758e+00,1.114809242497485142e+00,1.173997004699049773e+00,1.229868341403381082e+00,1.282508964972829402e+00,1.334323077557654447e+00,1.386006196166291060e+00,1.437543855488573552e+00,1.488625594095834392e+00,1.539003485050473019e+00,1.588434590672985758e+00,1.636731813116297785e+00,1.683752809644466053e+00,1.729279995792181168e+00,1.773255196262017552e+00,1.815579240404106232e+00,1.856040122841816853e+00,1.894680156077500843e+00,1.931378407629199767e+00,1.965999791081288306e+00,1.998617617559507398e+00,2.029170576169260887e+00,2.057643685606300732e+00,2.084150009425995709e+00,2.108347765650215422e+00,2.130554389317702135e+00,2.150599017312558203e+00,2.168816299655598634e+00,2.184905507471822883e+00,2.198971377646136816e+00,2.211345245400908599e+00,2.221739490851672993e+00,2.230541764242079950e+00,2.237524373049180504e+00
2.024551796312825669e-01,2.339366418609216680e-01,2.675401934003257542e-01,3.032154595737133196e-01,3.409140789516990067e-01,3.806026687963282584e-01,4.222001934632233500e-01,4.656781852885119588e-01,5.109892629198697911e-01,5.580801346286911047e-01,6.069005645237803837e-01,6.573991806003737226e-01,7.096066385829086220e-01,7.632754930715858199e-01,8.184325966532896013e-01,8.749847061977125140e-01,9.328288709616113783e-01,9.918368563110223635e-01,1.051817053822405867e+00,1.112485699662409067e+00,1.173395198749785262e+00,1.233721495962574188e+00,1.292183261835604169e+00,1.347115917121888273e+00,1.399449453548510025e+00,1.451118582153134051e+00,1.502787922256108910e+00,1.554355201320861246e+00,1.605539111008234210e+00,1.656098683490639045e+00,1.705840710998012044e+00,1.754603785493696666e+00,1.802323772334197605e+00,1.848674304885892461e+00,1.893652111125801785e+00,1.937147848419669804e+00,1.978956970860767273e+00,2.019185227749904499e+00,2.057692096229747580e+00,2.094378816091986728e+00,2.129266214241165578e+00,2.162268184947591543e+00,2.193469700943290412e+00,2.222516910219882291e+00,2.249848645983348661e+00,2.275023047933207643e+00,2.298369474753920727e+00,2.319877572114447783e+00,2.339520752136990733e+00,2.357123169480419556e+00,2.373056197339280526e+00
1.894804263599824679e-01,2.189091809034039438e-01,2.503489772234704369e-01,2.837565455272331727e-01,3.190914536667364687e-01,3.563272643387327965e-01,3.953860273264671044e-01,4.362464766558773466e-01,4.788723887887579855e-01,5.232193424942856996e-01,5.692424755892605548e-01,6.169015876651808838e-01,6.662325367338202131e-01,7.170315288082249605e-01,7.693182169366743484e-01,8.230411174404766994e-01,8.781425884682564353e-01,9.345408192526081237e-01,9.921591965917655465e-01,1.050887630762235236e+00,1.110574663092693593e+00,1.171021184144566574e+00,1.232015244563133161e+00,1.292811867793116853e+00,1.352633407735905235e+00,1.410088823686244774e+00,1.464247366363631508e+00,1.516357456965837569e+00,1.568015261933229043e+00,1.619675640784036252e+00,1.671239408009340677e+00,1.722499313131292231e+00,1.773263448895955996e+00,1.823252310332262649e+00,1.872370948375732036e+00,1.920580255916284784e+00,1.967532685729535213e+00,2.013368074774535721e+00,2.057787522472271036e+00,2.100812189559896570e+00,2.142325610895251753e+00,2.182453390623192213e+00,2.220812330336396911e+00,2.257576335471301654e+00,2.292527161860570484e+00,2.325845124763133320e+00,2.357287550465429149e+00,2.386961439827749665e+00,2.414950395757446522e+00,2.441142757992223356e+00,2.465401795838296550e+00
1.782394647481556627e-01,2.058611474020150822e-01,2.353905237903801684e-01,2.667997465942360535e-01,3.000416754372891570e-01,3.350984181700732423e-01,3.719028441938933560e-01,4.104347632012853575e-01,4.506617468324164433e-01,4.925432721656169410e-01,5.360497957607013308e-01,5.811414615620217328e-01,6.278601198613732448e-01,6.760158906113135080e-01,7.256380353692395424e-01,7.766887659078879347e-01,8.291294395504233972e-01,8.829001232325338622e-01,9.379572386859283961e-01,9.942329012663970733e-01,1.051652703834307978e+00,1.110135951837431856e+00,1.169659534498108000e+00,1.229865153120466070e+00,1.290612089921321815e+00,1.351553893338631074e+00,1.412108954526854587e+00,1.471275889081615329e+00,1.527851041294725487e+00,1.581359509728614610e+00,1.633296506154072292e+00,1.684915410569716610e+00,1.736717045372392132e+00,1.788280644311740275e+00,1.839563857767764210e+00,1.890386415757837613e+00,1.940599566635684337e+00,1.990022707346890130e+00,2.038551379106009254e+00,2.086081588259042441e+00,2.132485125911028678e+00,2.177899464298971299e+00,2.221887126472346541e+00,2.264515224999434473e+00,2.305720585060465400e+00,2.345571764256304981e+00,2.383817742855506516e+00,2.420488714392991625e+00,2.455532360062584907e+00,2.489147773232750271e+00,2.520973333637222424e+00
1.684210486228863990e-01,1.944371865483176531e-01,2.222757989494399400e-01,2.519023011243772814e-01,2.832821118408143657e-01,3.163951590197701669e-01,3.511828061680281055e-01,3.876318565199345922e-01,4.257057597049566100e-01,4.653762134495015301e-01,5.066087279105148111e-01,5.493779945356016547e-01,5.937223512412200810e-01,6.394688018951378838e-01,6.866467928338624294e-01,7.352303867501994716e-01,7.851799162347619099e-01,8.364608825317594309e-01,8.890348425189574799e-01,9.428557941098504314e-01,9.978805513152225748e-01,1.054049705276280502e+00,1.111399277237558936e+00,1.169664050986697790e+00,1.228840652303679226e+00,1.288799043233247010e+00,1.349372560282931399e+00,1.410290114803427031e+00,1.471168634805802178e+00,1.531332177580427167e+00,1.589796241278387701e+00,1.645486802669417603e+00,1.698589321775559435e+00,1.750425115221121208e+00,1.802077695921083134e+00,1.853747822254683930e+00,1.905283947181028781e+00,1.956606051164270443e+00,2.007566640419585990e+00,2.057868515215030225e+00,2.107537495547191941e+00,2.156538470597673118e+00,2.204527190227146605e+00,2.251432015428307842e+00,2.297370174296764045e+00,2.342137688763655134e+00,2.385675568079158371e+00,2.428058476643651709e+00,2.468925330574336385e+00,2.508574110772055832e+00,2.546646640848147847e+00
1.597908383150082323e-01,1.843725430355429573e-01,2.106963848022445629e-01,2.387281858843370297e-01,2.684401685272498339e-01,2.998112765050425788e-01,3.327895663097778511e-01,3.673589049045451471e-01,4.034912302611601831e-01,4.411648378000262993e-01,4.803462607961495601e-01,5.210059362539527505e-01,5.631975244588465213e-01,6.067414701357923823e-01,6.516853111445454205e-01,6.979964947337606862e-01,7.456530339921741968e-01,7.946132435773183289e-01,8.448533733039732541e-01,8.963387813279131144e-01,9.490374930614045024e-01,1.002905029872453335e+00,1.057996029040715324e+00,1.114078400253355028e+00,1.171187990431080905e+00,1.229256972201805187e+00,1.288212539773878618e+00,1.347944661028412705e+00,1.408309429690522530e+00,1.469132204820100984e+00,1.530097885384789747e+00,1.590798013056253568e+00,1.650533871784943152e+00,1.708256279372264874e+00,1.763168773091743358e+00,1.815797271474922647e+00,1.867510962716684153e+00,1.919145862732337671e+00,1.970813515418845974e+00,2.022392897955294533e+00,2.073752352494337092e+00,2.124743178304605351e+00,2.175314622040184442e+00,2.225195151894692192e+00,2.274328080184390810e+00,2.322629877524684083e+00,2.370059515802486860e+00,2.416562540855707208e+00,2.462030401239307054e+00,2.506272093021481684e+00,2.549511038696448129e+00
1.521561493123861353e-01,1.754494414312335326e-01,2.004097654210706958e-01,2.270086441300028512e-01,2.552154952252400633e-01,2.850144153226245591e-01,3.163583545791855967e-01,3.492304218216044087e-01,3.836109742066489692e-01,4.194689555577797990e-01,4.567857384112654073e-01,4.955305360907882317e-01,5.357555544294467786e-01,5.772932058152187018e-01,6.201908065749163201e-01,6.644194982359294954e-01,7.099628983642785052e-01,7.567747199187662144e-01,8.048481978485162447e-01,8.541565684976908379e-01,9.046531154675259145e-01,9.563263532210896090e-01,1.009224996139630237e+00,1.063142585133956652e+00,1.118126015340680457e+00,1.174129683992621187e+00,1.231112240648208456e+00,1.289009262813059165e+00,1.347763260822313347e+00,1.407280331226671954e+00,1.467442876508639360e+00,1.528117411848611606e+00,1.589171436917456326e+00,1.650085323052487229e+00,1.710450228752451007e+00,1.769556758679573072e+00,1.826453621226589608e+00,1.880702776534033172e+00,1.933039264782585587e+00,1.984692242068393453e+00,2.036328884769917469e+00,2.088042884058283644e+00,2.139660349552507501e+00,2.190954301496771173e+00,2.242088152087912345e+00,2.292644644421437672e+00,2.342687830408087368e+00,2.392000995936188534e+00,2.440648121942055937e+00,2.488502427665740591e+00,2.535521470613214312e+00
1.453695842270417704e-01,1.674984739404445089e-01,1.912268227824562572e-01,2.165234614488416587e-01,2.433697287844855950e-01,2.717453744854895770e-01,3.016039596709834680e-01,3.329340962349754962e-01,3.657182097817553990e-01,3.999285257889042544e-01,4.355427244399312503e-01,4.725449135792526012e-01,5.109698354093344941e-01,5.506747234310215289e-01,5.916946646715937064e-01,6.340123091072525918e-01,6.775997397992069571e-01,7.224305614728917524e-01,7.685064766168581141e-01,8.157775897900908513e-01,8.642286434824701935e-01,9.138392588945561945e-01,9.646617521907689952e-01,1.016507126391350324e+00,1.069423078625564072e+00,1.123384871204869739e+00,1.178349909936232454e+00,1.234291420622153579e+00,1.291163128948216388e+00,1.348905783433510530e+00,1.407479625128103207e+00,1.466789666968045802e+00,1.526863321725604905e+00,1.587361498507434909e+00,1.648235194796813019e+00,1.709227709056938327e+00,1.769990287364338721e+00,1.829935137729286510e+00,1.888396321753254226e+00,1.944471760185967790e+00,1.998208942719754466e+00,2.050380787823419482e+00,2.102011032581201366e+00,2.153676659007418781e+00,2.205266167791607668e+00,2.256895363365855278e+00,2.308311656223390518e+00,2.359417655432740180e+00,2.410107270036824456e+00,2.460163595487512733e+00,2.509784142505385951e+00
1.393098232664392866e-01,1.603812433671506499e-01,1.829851089426958455e-01,2.071049825151808910e-01,2.327094583587121512e-01,2.597857464899279711e-01,2.882932876069436712e-01,3.182202151392356515e-01,3.495416097592020099e-01,3.822477042647143830e-01,4.163114187680310718e-01,4.517094317600681697e-01,4.884924255673938065e-01,5.265081324990006362e-01,5.658036866750018046e-01,6.063609250626796898e-01,6.481489576307473133e-01,6.911628677316747904e-01,7.353664116641328574e-01,7.807587239630733311e-01,8.273023943394253177e-01,8.749809697540890108e-01,9.238599089963487332e-01,9.737458189233784145e-01,1.024699539601696907e+00,1.076699102608700720e+00,1.129711222375483493e+00,1.183713909892865068e+00,1.238680220521591879e+00,1.294566280709466888e+00,1.351335874647027868e+00,1.408956983832205356e+00,1.467451715967283743e+00,1.526582390953707291e+00,1.586370320859387339e+00,1.646707108833741273e+00,1.707472424410439116e+00,1.768443264222784528e+00,1.829369203706115110e+00,1.889878628840538255e+00,1.949371394801983293e+00,2.007235776818650397e+00,2.062579736663824104e+00,2.115760087232673392e+00,2.167767620729289302e+00,2.219327334565099452e+00,2.270965108802155630e+00,2.322614261272274661e+00,2.374146094600811274e+00,2.425581589271690319e+00,2.476706066098064873e+00
1.338760746403197255e-01,1.539822378245414847e-01,1.755646065323116511e-01,1.986013995338225813e-01,2.230713691681779631e-01,2.489623449553618750e-01,2.762301904816851228e-01,3.048715631782727420e-01,3.348618457812886917e-01,3.661816822790877057e-01,3.988204998807662882e-01,4.327489418075621264e-01,4.680167779705293185e-01,5.044827488571316243e-01,5.421924622195239962e-01,5.811185160839228425e-01,6.212498605715957023e-01,6.625723935634274531e-01,7.050570918332040860e-01,7.486892349801532731e-01,7.934677244171235433e-01,8.393458145224049760e-01,8.863998414294577133e-01,9.344504452004632755e-01,9.835598381125345568e-01,1.033698207462452778e+00,1.084848096195741851e+00,1.136989567516947019e+00,1.190094245207948376e+00,1.244148665076086235e+00,1.299100472912863236e+00,1.354943614218342640e+00,1.411735011367137194e+00,1.469216076125551051e+00,1.527479372081390396e+00,1.586432005255170363e+00,1.646058189790754911e+00,1.706220825040408728e+00,1.766824827960949973e+00,1.827742883911875893e+00,1.888761438068269793e+00,1.949668545475850667e+00,2.009813720351859345e+00,2.068800986359620619e+00,2.125816603464046217e+00,2.180504058918347976e+00,2.233274134684806622e+00,2.285146984561772232e+00,2.336731391618249720e+00,2.388393058792917856e+00,2.439994513318402447e+00
1.289861264453068812e-01,1.482071252128877026e-01,1.688519218894772023e-01,1.908994083430666788e-01,2.143313117689439329e-01,2.391310320842846282e-01,2.652633476414762437e-01,2.927179753378494342e-01,3.214808187280893681e-01,3.515332475071896723e-01,3.828533820140175292e-01,4.154301409213702057e-01,4.492976033088600940e-01,4.843356895736270484e-01,5.205722857582592011e-01,5.580002255265916755e-01,5.965953043344279783e-01,6.363469621557047429e-01,6.772361421686404759e-01,7.192481823077159220e-01,7.623691197076721826e-01,8.065680708588023329e-01,8.519209879531753904e-01,8.982552002635642019e-01,9.456261938995129679e-01,9.940116408035911677e-01,1.043401610811568014e+00,1.093774050018246902e+00,1.145106949490552362e+00,1.197379181688325689e+00,1.250575372738053082e+00,1.304665236556334484e+00,1.359710916660820779e+00,1.415514503961112558e+00,1.472128500134289197e+00,1.529518255921222147e+00,1.587650153520471008e+00,1.646454051382927553e+00,1.705903756350156009e+00,1.765888789036640150e+00,1.826365601003756334e+00,1.887288217853494210e+00,1.948301235366773465e+00,2.009254444810551821e+00,2.069828733393163755e+00,2.129622233778150076e+00,2.187955840849164613e+00,2.244249128999795673e+00,2.298437849926676435e+00,2.350875764268012702e+00,2.402613577641689702e+00
1.245721298793770748e-01,1.429786788301632694e-01,1.627631248061378044e-01,1.838981607006708319e-01,2.063696267595641065e-01,2.301686486479256333e-01,2.552523197676551114e-01,2.816175803736188366e-01,3.092447636923963961e-01,3.381211559169572389e-01,3.682301732407965988e-01,3.995529614110793770e-01,4.321333622266665397e-01,4.658426749904154840e-01,5.007201246139285633e-01,5.367512693962867010e-01,5.739220581426233148e-01,6.122174170075718180e-01,6.516242648483057121e-01,6.921231041727524680e-01,7.336942564864356031e-01,7.763377778740906399e-01,8.201009908229200951e-01,8.648248202609998270e-01,9.105668453646978966e-01,9.573092095798927392e-01,1.005033853167079494e+00,1.053732199947547521e+00,1.103385638447547112e+00,1.153969905347415059e+00,1.205474875453206529e+00,1.257865838300109340e+00,1.311244965008726782e+00,1.365370986863015057e+00,1.420334282486219957e+00,1.476102150259044121e+00,1.532646921014691577e+00,1.589947317694261786e+00,1.647963130610181404e+00,1.706618785348324785e+00,1.765906080603230510e+00,1.825852729827394993e+00,1.886175750756305058e+00,1.946878077110236083e+00,2.007828934128271126e+00,2.068854059389052757e+00,2.129701371676956612e+00,2.190000549438824162e+00,2.249296482154840682e+00,2.306960153149930193e+00,2.362626115246974745e+00
1.205792992762908106e-01,1.382348603485096250e-01,1.572194603026985937e-01,1.775134040050672102e-01,1.991002065938901333e-01,2.219682182943491788e-01,2.460845667480046350e-01,2.714390171629886273e-01,2.980212190255336902e-01,3.258066463773106602e-01,3.547926292237771895e-01,3.849544860612032493e-01,4.163372152594262965e-01,4.488147540886233688e-01,4.824305294404515609e-01,5.171660241310919170e-01,5.530098332222403990e-01,5.899538309292640115e-01,6.279732536864258696e-01,6.670596699125783680e-01,7.071977655092422932e-01,7.483766622690990467e-01,7.906544493369886961e-01,8.338701206786516273e-01,8.780845328727298060e-01,9.232822728892232655e-01,9.694488809218276826e-01,1.016568628441021582e+00,1.064628105788806067e+00,1.113607615616963864e+00,1.163499832551391222e+00,1.214283526417380354e+00,1.266024685243207992e+00,1.318541342531305061e+00,1.371908356708703369e+00,1.426067550868560740e+00,1.481044530363476719e+00,1.536794969657828469e+00,1.593282068595514467e+00,1.650497633573793754e+00,1.708387791213197060e+00,1.767027302973381175e+00,1.826171276179550773e+00,1.885883440637998953e+00,1.946063899187087110e+00,2.006635053951855152e+00,2.067505769647564495e+00,2.128521511798044941e+00,2.189485233072762327e+00,2.250112130977433900e+00,2.310105425937488022e+00
1.169553097757585480e-01,1.339169280467614187e-01,1.521618209078782757e-01,1.716786878938777738e-01,1.924438637086458848e-01,2.144531306686437988e-01,2.376670667352272226e-01,2.620845200463060021e-01,2.876917407725620435e-01,3.144718622115605378e-01,3.424084723926654195e-01,3.714939831378807344e-01,4.017603237387261661e-01,4.330959171840765287e-01,4.655336728029598747e-01,4.990619114644069820e-01,5.336723017555417004e-01,5.693491243988660910e-01,6.060767152046232509e-01,6.438458650837028951e-01,6.826414093845788456e-01,7.224534039071226488e-01,7.633331965601438673e-01,8.051384795744224165e-01,8.479207454632453622e-01,8.916689267916443340e-01,9.363611526453737843e-01,9.819954800246464277e-01,1.028553939383512361e+00,1.076017906600337026e+00,1.124381654752858228e+00,1.173630937002638763e+00,1.223831591583272260e+00,1.274806030949132696e+00,1.326606788787535907e+00,1.379240577306880988e+00,1.432666550451567877e+00,1.486879067996088377e+00,1.541857638500202299e+00,1.597571909147341929e+00,1.654014493006838338e+00,1.711249560105480461e+00,1.769051383862669580e+00,1.827468618460119210e+00,1.886484607511337508e+00,1.946054094261655987e+00,2.006102413358162639e+00,2.066539832279404187e+00,2.127343269911183832e+00,2.188300558435917420e+00,2.249316741387204832e+00
1.136617968454666922e-01,1.299767931903440532e-01,1.475386388336038523e-01,1.663286658117343886e-01,1.863300211316736010e-01,2.075376150731242930e-01,2.299179084019274122e-01,2.534638627312880699e-01,2.781612371202103473e-01,3.040021002069677736e-01,3.309665693505370876e-01,3.590437427768644607e-01,3.882724274436413769e-01,4.185386379803707757e-01,4.498797573220028601e-01,4.822850886283018279e-01,5.157389618015513211e-01,5.502314229895137743e-01,5.857529795831997177e-01,6.222874866518718351e-01,6.598252098512048525e-01,6.983546924488112095e-01,7.379306747622745855e-01,7.784122042592560575e-01,8.198447556878489806e-01,8.622239432547031956e-01,9.055341407522122799e-01,9.497654520827842894e-01,9.949026204152594532e-01,1.040943347794647256e+00,1.087861886149508184e+00,1.135647397592849162e+00,1.184378138067831543e+00,1.233872621642919887e+00,1.284189902851821996e+00,1.335344963037904620e+00,1.387288153679125502e+00,1.440008057490561599e+00,1.493512314381259420e+00,1.547778089240200883e+00,1.602756451168680929e+00,1.658559048971379735e+00,1.714952715053250865e+00,1.772033662622590544e+00,1.829730602500568404e+00,1.888049383795231240e+00,1.946962200838131318e+00,2.006378592785602599e+00,2.066292184909074070e+00,2.126615980084811230e+00,2.187289256981916452e+00
1.106613947684454841e-01,1.263759418117842426e-01,1.432999685923403710e-01,1.614128913652224107e-01,1.807042235194131485e-01,2.011640792388604548e-01,2.227640454432135708e-01,2.454973980159303182e-01,2.693521042445501390e-01,2.943098112686590162e-01,3.203667912595345446e-01,3.475039868272588039e-01,3.757628087857795007e-01,4.050312882128268011e-01,4.353462519929986452e-01,4.666964508288211078e-01,4.990673232101206502e-01,5.324552604904478903e-01,5.668436605611378853e-01,6.022212895197817106e-01,6.385797976702016765e-01,6.759053831646740784e-01,7.142564436276649387e-01,7.534894347389256009e-01,7.936621765897794445e-01,8.347476903099880774e-01,8.767536260263990577e-01,9.196643172696811197e-01,9.634620866399352668e-01,1.008143269255597829e+00,1.053696168027129954e+00,1.100107654250484401e+00,1.147436560435844077e+00,1.195529546578890434e+00,1.244446025009053214e+00,1.294161053410422424e+00,1.344683829818383636e+00,1.395986104049251164e+00,1.448060655800685215e+00,1.500893178502629599e+00,1.554470659437381164e+00,1.608850987477543182e+00,1.663851576293098544e+00,1.719553999127535482e+00,1.775902608645947511e+00,1.832921350484185918e+00,1.890552751400458975e+00,1.948776041257267000e+00,2.007537282274036716e+00,2.066843124432578005e+00,2.126632674976075332e+00
1.079222916297623430e-01,1.230800201131591887e-01,1.394049744744257635e-01,1.568903207890815499e-01,1.755155560796992087e-01,1.952804863943282676e-01,2.161491550653988625e-01,2.381203385445420651e-01,2.611822972511064211e-01,2.853225079054221291e-01,3.105255659918885747e-01,3.367855621095512397e-01,3.641319251682670899e-01,3.924662536814372271e-01,4.218182189300980212e-01,4.521783262420025484e-01,4.835392842763320820e-01,5.158892176179540323e-01,5.492115294436977768e-01,5.835022288373554744e-01,6.187533073177544640e-01,6.549489135427496445e-01,6.921431565311486622e-01,7.302005024762057150e-01,7.691770047635206886e-01,8.090490961665054437e-01,8.498316925652676934e-01,8.914932630877614450e-01,9.340259629039324718e-01,9.774287807771780967e-01,1.021685496251765635e+00,1.066779774015904847e+00,1.112794186184366652e+00,1.159552758863943600e+00,1.207116965796746433e+00,1.255483357665081234e+00,1.304650855901073214e+00,1.354588415072492280e+00,1.405288233399805575e+00,1.456747904797001336e+00,1.508952253197395788e+00,1.561964468446435550e+00,1.615595376568142783e+00,1.669931645294975731e+00,1.724947064429973143e+00,1.780642483484462968e+00,1.836946813780381937e+00,1.893906112322453428e+00,1.951470512878499708e+00,2.009589989735633964e+00,2.068296133689320193e+00
1.054215317709140121e-01,1.200539872585337370e-01,1.358230220617767103e-01,1.527161926563746497e-01,1.707209352312941131e-01,1.898309315227829364e-01,2.100179223761343139e-01,2.312765675593376202e-01,2.535933619460609689e-01,2.769642385042280219e-01,3.013692753663551049e-01,3.268041753675766103e-01,3.532968315513511648e-01,3.807539973421726898e-01,4.092006949195540755e-01,4.386326785083561886e-01,4.690415668793872506e-01,5.004118898285622175e-01,5.327353871545983388e-01,5.660066813041918499e-01,6.002111149102424825e-01,6.353396503376361748e-01,6.714474390566984585e-01,7.083965013102481167e-01,7.462473236246855990e-01,7.849918222078848817e-01,8.245932452420738912e-01,8.650769496860242214e-01,9.064160759999783101e-01,9.486069411681060659e-01,9.916319213994009285e-01,1.035485055022609790e+00,1.080243659124282107e+00,1.125736262470817595e+00,1.172028930722234019e+00,1.219124784321102828e+00,1.266981351521134336e+00,1.315595787099916425e+00,1.364989725273977772e+00,1.415132901759932782e+00,1.466008018104491661e+00,1.517699427878932639e+00,1.570005437365666889e+00,1.623035394031588030e+00,1.676727425865636167e+00,1.731102243529572648e+00,1.786146944099334277e+00,1.841819475813747164e+00,1.898120040531710018e+00,1.955013621692829329e+00,2.012500280473021874e+00
1.031317473115329897e-01,1.172764881664353637e-01,1.325224269793394971e-01,1.488618932575617171e-01,1.662859374732363893e-01,1.847805711629700587e-01,2.043215361678264175e-01,2.249116374360153325e-01,2.465359722956216026e-01,2.691791501021856270e-01,2.928373115488226985e-01,3.174908751142072050e-01,3.431855942802926607e-01,3.698122402433604572e-01,3.974093905286958384e-01,4.259683628912732667e-01,4.554787867593804718e-01,4.859277295171032796e-01,5.173113334348478087e-01,5.496180685662268584e-01,5.828366945406091570e-01,6.169587643871812244e-01,6.520401651901095441e-01,6.879496391470644179e-01,7.247358737470687151e-01,7.623902991139748231e-01,8.009096397070676332e-01,8.402672639956687561e-01,8.804712028048100603e-01,9.215140428768950898e-01,9.633844482338647097e-01,1.006062331171526214e+00,1.049631094031714174e+00,1.093911612060144423e+00,1.138982844158063834e+00,1.184842047867864512e+00,1.231461113107271022e+00,1.278840025077950138e+00,1.326982799818180903e+00,1.375863278606270113e+00,1.425472961814726158e+00,1.475892047168476218e+00,1.526919917995064324e+00,1.578655810061968090e+00,1.631085962846926085e+00,1.684186381434415791e+00,1.737958775920898535e+00,1.792364914526294983e+00,1.847416817052925264e+00,1.903089667081724334e+00,1.959370667300140312e+00
1.010351252002931327e-01,1.147200505832245698e-01,1.294782339295677542e-01,1.452982314748505754e-01,1.621693823055248285e-01,1.800894055692162377e-01,1.990294476156611037e-01,2.189839031845685624e-01,2.399518829710063639e-01,2.619169850683225054e-01,2.848661973778677803e-01,3.087879707917924321e-01,3.337258946485458511e-01,3.595736724972867782e-01,3.863708203498358307e-01,4.141059568955625103e-01,4.427667769619463844e-01,4.723527593650480028e-01,5.028449645368512355e-01,5.342411383732514896e-01,5.665299772831681180e-01,5.997054117586040345e-01,6.338136443917279372e-01,6.687331155530220617e-01,7.045122464771446102e-01,7.411423001898689300e-01,7.786129766125795548e-01,8.169289044904276542e-01,8.560611942883409320e-01,8.960095659349901487e-01,9.367733178382726678e-01,9.783375850896902648e-01,1.020767106682149983e+00,1.063898324377236193e+00,1.107824281678338352e+00,1.152509041928420963e+00,1.197959047676269151e+00,1.244157948223459265e+00,1.291088218666478049e+00,1.338764060950252688e+00,1.387153883589340442e+00,1.436355585884366182e+00,1.486154021296067995e+00,1.536674864458146939e+00,1.587859125539312410e+00,1.639741542265053420e+00,1.692257088740332982e+00,1.745452589701764090e+00,1.799274333479679466e+00,1.853731174954397209e+00,1.908781645450867037e+00
9.911150673487037488e-02,1.123691541365211821e-01,1.266635300831041866e-01,1.419933825186744658e-01,1.583476749976764075e-01,1.757228743604823118e-01,1.940959439286970289e-01,2.134594939628052801e-01,2.338043202632988926e-01,2.551273756514739199e-01,2.774069120947899592e-01,3.006447739085779114e-01,3.248629364752222415e-01,3.499795961678838219e-01,3.760173685441487446e-01,4.029704356029701340e-01,4.308392480050803330e-01,4.596010922355648898e-01,4.892522022945122173e-01,5.197863576301019473e-01,5.511985823118541461e-01,5.834747723126659791e-01,6.166644263518344937e-01,6.506483572711246888e-01,6.854751746484915031e-01,7.211326713677738143e-01,7.576210436309414042e-01,7.949269891685729617e-01,8.330435121603271265e-01,8.719653903687967222e-01,9.116762145092379699e-01,9.521774870806335445e-01,9.935291337914523568e-01,1.035580120212270971e+00,1.078403830870088287e+00,1.121984019730963400e+00,1.166310373049952220e+00,1.211354786428778141e+00,1.257151281411082344e+00,1.303664734743601894e+00,1.350905542974436768e+00,1.398919922512124048e+00,1.447560194669492928e+00,1.496893312105344487e+00,1.546899982445397281e+00,1.597577936207935645e+00,1.648898045549717972e+00,1.700897756596846833e+00,1.753538019966794703e+00,1.806800509299242741e+00,1.860681576644086066e+00
9.734642344189994856e-02,1.101981521909147360e-01,1.240624669335345098e-01,1.389292176248846655e-01,1.547978969698262097e-01,1.716617896943460897e-01,1.894926845750393996e-01,2.082934024089217462e-01,2.280577705661079035e-01,2.487660184386150386e-01,2.704214031226154780e-01,2.930037788740676996e-01,3.165514267695235806e-01,3.409695456871710828e-01,3.662917092739954028e-01,3.925118994910192782e-01,4.196179994032459004e-01,4.476032666734780507e-01,4.764607709239160882e-01,5.061829808288429433e-01,5.367594815081662141e-01,5.681819915516107544e-01,6.005009406419887785e-01,6.335979424349426070e-01,6.675250306740357908e-01,7.022668010033923380e-01,7.378176278647130548e-01,7.741655553937072387e-01,8.113141563209307350e-01,8.492503728867590862e-01,8.879687412987408157e-01,9.274585490190836445e-01,9.677868158563240897e-01,1.008811343988852194e+00,1.050580278933560763e+00,1.093088677669931341e+00,1.136338869132158758e+00,1.180321329499916416e+00,1.225011683902732296e+00,1.270420873108389692e+00,1.316544262958024625e+00,1.363455043878210260e+00,1.410960038535238548e+00,1.459165199165132876e+00,1.508009746999548817e+00,1.557546332222631280e+00,1.607732760312832188e+00,1.658575626250841317e+00,1.710067764657960954e+00,1.762181113641259955e+00,1.814911544815990929e+00
9.572452248527944796e-02,1.081964483014374589e-01,1.216478377488399709e-01,1.360833927518821096e-01,1.514889099385686166e-01,1.678697259328348068e-01,1.851940948609631377e-01,2.034653831721789374e-01,2.226732054909469904e-01,2.428105835749012897e-01,2.638670382894612865e-01,2.858313254664179848e-01,3.087395094325215972e-01,3.324982829262712603e-01,3.571429586583200755e-01,3.826655350338111772e-01,4.090511718434123867e-01,4.363034507758795089e-01,4.644071049202309065e-01,4.933526393521057152e-01,5.231381948959699102e-01,5.537531457208316743e-01,5.852473017457150428e-01,6.175050324937843005e-01,6.505705751384108781e-01,6.844354734097609638e-01,7.190957928356062068e-01,7.545461000194999546e-01,7.907730921008112590e-01,8.277702458419653464e-01,8.655494400580594494e-01,9.040776725500513367e-01,9.434308800244092241e-01,9.834552746796449973e-01,1.024213922521576725e+00,1.065731486984890841e+00,1.107955950460061789e+00,1.150897929787666252e+00,1.194556391209117718e+00,1.238919623826285843e+00,1.283957126530764103e+00,1.329789710287917925e+00,1.376222474011306041e+00,1.423328347919732506e+00,1.471097790980022690e+00,1.519539944058701630e+00,1.568618886560006365e+00,1.618344580223878504e+00,1.668706354754737387e+00,1.719713100228519753e+00,1.771316934871655757e+00
9.423537525829404904e-02,1.063473760497208320e-01,1.194140831034984362e-01,1.334393016567660128e-01,1.484073379722050945e-01,1.643254023864073321e-01,1.811722463594282184e-01,1.989404133323918467e-01,2.176241277858713130e-01,2.372167630177825504e-01,2.577056441061084113e-01,2.790859122618954413e-01,3.013874589402532056e-01,3.245230024717442596e-01,3.485235430575924775e-01,3.733795824329330104e-01,3.990901096188074204e-01,4.256432810630517150e-01,4.530267130371046780e-01,4.812393654687069922e-01,5.102754563694390511e-01,5.401244628316019813e-01,5.708315320031092099e-01,6.022878096028575490e-01,6.345359743999332558e-01,6.675700010971212794e-01,7.013864886218195149e-01,7.359739972133141350e-01,7.713284001552668245e-01,8.074426781882060311e-01,8.443036553931889676e-01,8.819244080170379751e-01,9.203426901005951066e-01,9.594369872704531232e-01,9.992507843562021819e-01,1.039773979759317069e+00,1.081029402048368393e+00,1.122989378595307119e+00,1.165640603944960718e+00,1.208992931301729579e+00,1.253022259781333414e+00,1.297824726565932396e+00,1.343227589264473609e+00,1.389290894963226108e+00,1.436011272505215208e+00,1.483385316239501872e+00,1.531403998459065496e+00,1.580063098013993583e+00,1.629356142862421919e+00,1.679265211840410776e+00,1.729803987280155386e+00
9.286349780997144032e-02,1.046382069839732892e-01,1.173442152844719616e-01,1.309756872919521642e-01,1.455349086074193832e-01,1.610190470710129163e-01,1.774055969920753373e-01,1.946950648195997502e-01,2.128847403847482223e-01,2.319571899938930870e-01,2.519110435012301141e-01,2.727335276134528752e-01,2.944620371913164725e-01,3.170025036793461815e-01,3.403895130521659151e-01,3.646213325158176866e-01,3.896823521961222392e-01,4.155677616757399995e-01,4.422717679161290993e-01,4.697886127694655412e-01,4.981118108693372015e-01,5.272290220375525083e-01,5.571891634586778608e-01,5.878812751141869741e-01,6.193516120539145353e-01,6.515999472490011657e-01,6.846095441340245280e-01,7.183737924613876613e-01,7.528930170480984119e-01,7.881637408800250544e-01,8.241616069590771421e-01,8.609035661505531900e-01,8.984341990451083504e-01,9.366287681378170360e-01,9.755380602046345162e-01,1.015147418258875112e+00,1.055457895717454075e+00,1.096470514785213624e+00,1.138175096255058749e+00,1.180556209767104958e+00,1.223625005388087272e+00,1.267439559072543798e+00,1.311836347495021649e+00,1.356896442041851891e+00,1.402623063377577584e+00,1.448967760530701643e+00,1.495970462211484664e+00,1.543598481735703132e+00,1.591858250467817371e+00,1.640737406922918362e+00,1.690218846250333362e+00
9.160088200336154174e-02,1.030585836579115816e-01,1.154198185003882382e-01,1.286816303265081451e-01,1.428490118811460152e-01,1.579221696046295143e-01,1.738772439746051057e-01,1.907168248587854942e-01,2.084269416200416059e-01,2.270109232688937162e-01,2.464527121043519620e-01,2.667497741576667636e-01,2.879274445726350273e-01,3.099003072014294702e-01,3.327118249828709406e-01,3.563430673060579701e-01,3.807852869015223574e-01,4.060405385648535037e-01,4.320985074315860097e-01,4.589477662200557306e-01,4.865897862622853842e-01,5.150101378131243246e-01,5.442598215505887183e-01,5.742277681635553632e-01,6.049624667325509408e-01,6.364511397745883370e-01,6.686862562246009833e-01,7.016739280688140123e-01,7.353986070959113164e-01,7.698542100220822082e-01,8.050415295861075293e-01,8.409421969100678851e-01,8.776208432772215629e-01,9.149535373716667364e-01,9.529949688936654173e-01,9.917260492093291635e-01,1.031145607813940268e+00,1.071254644947099655e+00,1.112040053644214765e+00,1.153522384644510623e+00,1.195629796306496795e+00,1.238501053896272630e+00,1.281950474949500096e+00,1.326058896121413477e+00,1.370803299638076345e+00,1.416187315203578212e+00,1.462189074933299526e+00,1.508841111391837631e+00,1.556108906733102204e+00,1.603980923940015124e+00,1.652459550949856970e+00
9.043925989686182887e-02,1.015940850398063949e-01,1.136310992843844875e-01,1.265463186125727890e-01,1.403437543857065095e-01,1.550228947754631881e-01,1.705623547625043646e-01,1.869690167691476501e-01,2.042361823508998808e-01,2.223481518966080595e-01,2.413047689452179068e-01,2.610980826945188960e-01,2.817507306668297073e-01,3.031973250062601211e-01,3.254466349145667681e-01,3.485056625594498692e-01,3.723664635371138898e-01,3.970195632247454087e-01,4.224572549764047946e-01,4.486732566019636104e-01,4.756664467331806478e-01,5.034256739311521178e-01,5.319973315723728335e-01,5.612732521175137768e-01,5.912976672038227077e-01,6.220676984263480147e-01,6.535714897020239444e-01,6.858108881822451153e-01,7.187712386165642231e-01,7.524589369495985336e-01,7.868598756400270178e-01,8.219622500475450844e-01,8.578383060268512939e-01,8.943440444270032152e-01,9.315436577268170204e-01,9.694307463505301703e-01,1.007997049018517943e+00,1.047247654249909843e+00,1.087153981200977171e+00,1.127738499411685913e+00,1.168975575929674271e+00,1.210921607937557321e+00,1.253471737953081755e+00,1.296646112772770199e+00,1.340468127646065710e+00,1.384911479932378064e+00,1.429980746916174050e+00,1.475690591839046828e+00,1.521971968105458872e+00,1.568895016836979295e+00,1.616404927700840322e+00
8.936889265322786602e-02,1.002421722161169065e-01,1.119675179323872533e-01,1.245491147886965411e-01,1.379949610903570822e-01,1.523032256514082750e-01,1.674533519863095066e-01,1.834480802923483533e-01,2.002869384803497577e-01,2.179521862396206489e-01,2.364479011915165962e-01,2.557572744441720114e-01,2.759180441706439169e-01,2.968475967782678859e-01,3.185690039740972090e-01,3.410854427562123869e-01,3.643865820847898007e-01,3.884639603218237314e-01,4.133101273381349361e-01,4.389270062742576806e-01,4.652998266249386283e-01,4.924261710390243074e-01,5.203489436084661746e-01,5.489628319919384047e-01,5.783106745562366369e-01,6.083904010418161867e-01,6.391980966008543597e-01,6.707238643071571360e-01,7.029601762754131844e-01,7.359077978428929523e-01,7.695522520050883664e-01,8.038907679519966543e-01,8.390004515715341338e-01,8.747279121127193857e-01,9.111281508585179489e-01,9.482040192297115366e-01,9.859425107358847917e-01,1.024365278932757750e+00,1.063442698985112456e+00,1.103175291138620562e+00,1.143553231309857976e+00,1.184636005121153080e+00,1.226301093917641971e+00,1.268594263264587685e+00,1.311528754815218800e+00,1.355073991394823985e+00,1.399234007300671045e+00,1.444008931817285957e+00,1.489383153327859199e+00,1.535368975593933261e+00,1.581945201232521914e+00
8.838308477167561295e-02,9.898882890231819331e-02,1.104215749341609792e-01,1.226921265310284559e-01,1.358024966327841809e-01,1.497512576123172789e-01,1.645287007912880628e-01,1.801343214845697871e-01,1.965605398655376479e-01,2.138044172300287427e-01,2.318554787538470718e-01,2.507112849006554733e-01,2.703955996774832227e-01,2.908302405975497495e-01,3.120564003235470341e-01,3.340513979576142933e-01,3.568167537511560128e-01,3.803422238214052009e-01,4.046292063362692537e-01,4.296671392081952701e-01,4.554492263306639810e-01,4.819680973290523252e-01,5.092686519020809266e-01,5.372514110487279781e-01,5.659601903668268763e-01,5.953827881020623547e-01,6.255165096786351464e-01,6.563588060015179693e-01,6.878989141978871791e-01,7.201367594315474241e-01,7.530627943466340346e-01,7.866776180167271981e-01,8.210271275515299561e-01,8.560139309988259448e-01,8.916460726128255798e-01,9.279481313376030105e-01,9.649141237392266923e-01,1.002535735958044683e+00,1.040820606985519259e+00,1.079724227115491209e+00,1.119276290698994591e+00,1.159534083977730390e+00,1.200351577474145559e+00,1.241800112054818772e+00,1.283867032737904701e+00,1.326557846570525889e+00,1.369833573995378639e+00,1.413742161602692393e+00,1.458228623091484044e+00,1.503314992494370728e+00,1.548978331746413417e+00
8.747462560992556868e-02,9.782615157836765940e-02,1.089819604595133051e-01,1.209551818838118936e-01,1.337452173489968588e-01,1.473589799221674546e-01,1.617794357265696092e-01,1.770108998283338453e-01,1.930491879069666517e-01,2.098838247317166839e-01,2.275155520985562008e-01,2.459328364310252313e-01,2.651605815007819222e-01,2.851347142294566872e-01,3.058730720694827210e-01,3.273709015771152364e-01,3.496270246335566045e-01,3.726326462207613655e-01,3.963789418183619184e-01,4.208611203069040907e-01,4.460739397747913726e-01,4.720177166523896739e-01,4.987272394903605743e-01,5.261087600920881791e-01,5.541944696875745757e-01,5.829881782935932844e-01,6.124795262089571812e-01,6.426662054908821586e-01,6.735415298057980671e-01,7.051011796150995492e-01,7.373404064846166284e-01,7.702599677130619327e-01,8.038956151873407618e-01,8.381491438583837938e-01,8.730570264988715135e-01,9.086255092983136494e-01,9.448347655442711490e-01,9.816977335634300417e-01,1.019183070542208691e+00,1.057320974751646325e+00,1.096085184680037461e+00,1.135541433960132407e+00,1.175559336385385345e+00,1.216186016287540861e+00,1.257433751542300415e+00,1.299258828693939716e+00,1.341720321110868586e+00,1.384774591365665941e+00,1.428404821031723726e+00,1.472636135197202378e+00,1.517433912797357953e+00
8.663692157763010215e-02,9.674838763073141668e-02,1.076429248176666853e-01,1.193321873319401066e-01,1.318171732845390409e-01,1.451084331500879232e-01,1.591894362011241626e-01,1.740661615902040493e-01,1.897293294055464596e-01,2.061806034493378625e-01,2.234061960402745073e-01,2.414024957046732034e-01,2.602045978511387525e-01,2.797253660521452634e-01,3.000008242588023677e-01,3.210293703866445303e-01,3.427936048291364002e-01,3.652952828716400369e-01,3.885238682897199647e-01,4.124792234663435808e-01,4.371559626339239779e-01,4.625416193009240784e-01,4.886829896829975595e-01,5.154833527788708070e-01,5.429790683866704271e-01,5.711694160859512870e-01,6.000434001928397487e-01,6.296097972106260432e-01,6.598475383753360513e-01,6.907606520540577888e-01,7.223373643011301581e-01,7.545826764081391413e-01,7.875280611509835049e-01,8.210958650684178073e-01,8.552955616473391087e-01,8.901519863746742978e-01,9.256498623482937171e-01,9.617663458695053791e-01,9.985270416964268092e-01,1.035896170046427534e+00,1.073906290060043567e+00,1.112592143297959302e+00,1.151835761175335149e+00,1.191687152833670105e+00,1.232130027978761033e+00,1.273172735108542453e+00,1.314808768811394524e+00,1.357045569706821775e+00,1.399846709169183745e+00,1.443249876582415769e+00,1.487224353471922722e+00
8.586544589619123091e-02,9.574839602111911985e-02,1.063961144773846457e-01,1.178114422148907187e-01,1.300114695503046536e-01,1.429954394379048810e-01,1.567495923184577811e-01,1.712873138874278778e-01,1.865951253374776575e-01,2.026728368415489645e-01,2.195119793963543620e-01,2.371123976185318671e-01,2.554957073389571010e-01,2.745904375957846089e-01,2.944242736549481654e-01,3.149924642744632020e-01,3.362900305853553373e-01,3.583108932523833001e-01,3.810517379799878146e-01,4.044991327541724857e-01,4.286551591293852881e-01,4.535084788686990498e-01,4.791040102116800314e-01,5.053474732064991981e-01,5.322790062786912912e-01,5.598909613112319494e-01,5.881778263039076915e-01,6.171388455892656832e-01,6.467664296732135165e-01,6.770497497160778977e-01,7.079947986155801232e-01,7.395959383480592564e-01,7.718975143956041673e-01,8.047914668120140780e-01,8.383153189668559602e-01,8.724769361807640511e-01,9.072752352907523798e-01,9.427031118502963158e-01,9.787582951509383733e-01,1.015413831429096803e+00,1.052688090236497676e+00,1.090640202247552093e+00,1.129116510257028194e+00,1.168211166620278574e+00,1.207893174741551112e+00,1.248169979760799242e+00,1.289030577699106450e+00,1.330478565886770603e+00,1.372493944622656725e+00,1.415081538298400332e+00,1.458246308095109134e+00
8.515117748435938050e-02,9.482359803832778045e-02,1.052332469553968891e-01,1.163936969096499019e-01,1.283138901059994175e-01,1.410062576242038235e-01,1.544526171927625147e-01,1.686636029179414131e-01,1.836309775144442380e-01,1.993514619474099914e-01,2.158247657179758194e-01,2.330380155890758309e-01,2.510239352851548755e-01,2.697091922216363069e-01,2.891213115434346781e-01,3.092530322052985947e-01,3.301014773733017549e-01,3.516614581427403574e-01,3.739244491173149276e-01,3.968860723647430477e-01,4.205409552025873299e-01,4.448897471306458296e-01,4.699649663506256791e-01,4.956766761786373099e-01,5.220645277642111948e-01,5.491176897545331226e-01,5.768412903027017036e-01,6.052183832742913383e-01,6.342576710083246416e-01,6.639482588274699948e-01,6.942795586836457700e-01,7.252650873075240368e-01,7.569308174683688772e-01,7.891860731943948215e-01,8.220724478873966401e-01,8.555820085390936081e-01,8.897107864569254732e-01,9.244626117850949232e-01,9.598174519763221779e-01,9.957882315043865562e-01,1.032354470566629656e+00,1.069585401856083084e+00,1.107357161259813427e+00,1.145718057944968171e+00,1.184661769353638094e+00,1.224192276982467131e+00,1.264316157967066978e+00,1.304980204271923183e+00,1.346231641766583609e+00,1.388074531292619040e+00,1.430430578804362529e+00
8.449538880373169691e-02,9.396313211578755098e-02,1.041467701291985404e-01,1.150655843284066615e-01,1.267256721210432424e-01,1.391349951314727051e-01,1.522858940540021411e-01,1.661851433871693318e-01,1.808257753064966555e-01,1.962077281008477725e-01,2.123236206477345789e-01,2.291711594422405629e-01,2.467747961862732931e-01,2.650631915363581004e-01,2.840688869577960296e-01,3.037879643725083789e-01,3.242054730074500624e-01,3.453181910081761230e-01,3.671250317677757224e-01,3.896221243102059861e-01,4.128020153356224964e-01,4.366589289637128335e-01,4.612337183662469919e-01,4.864328146937451636e-01,5.122955890567939541e-01,5.388160199634357550e-01,5.659908621271593221e-01,5.938201862780527751e-01,6.222938755406727251e-01,6.514086080979319959e-01,6.811623427750613802e-01,7.115412627232883258e-01,7.426195916252196216e-01,7.742538921565768062e-01,8.065035435118231844e-01,8.393882683482896123e-01,8.728596339787648706e-01,9.069633259456221230e-01,9.416648466569592646e-01,9.769608666963952581e-01,1.012862071175509859e+00,1.049405170661246611e+00,1.086477805539058039e+00,1.124137404894652414e+00,1.162384719617037154e+00,1.201190932914445897e+00,1.240582122621755934e+00,1.280534774437384726e+00,1.321048471280674708e+00,1.362125977176986469e+00,1.403764273546855623e+00
8.389186787002754497e-02,9.316910741633471771e-02,1.031379725453302892e-01,1.138218520219306668e-01,1.252308250097528552e-01,1.373722605800762053e-01,1.502424191847732959e-01,1.638419538685493837e-01,1.781715854246804509e-01,1.932245918488801617e-01,2.090037349920343956e-01,2.254948476252248979e-01,2.427303005466646124e-01,2.606451301688248456e-01,2.792633211544222616e-01,2.985728928861128839e-01,3.185749249232988634e-01,3.392696556379455886e-01,3.606405621914300919e-01,3.826851012101625260e-01,4.054070571895738717e-01,4.287908735303184726e-01,4.528835786124568163e-01,4.775893810938096062e-01,5.029527550809771430e-01,5.289628447091079266e-01,5.556145120319608832e-01,5.829095333734017892e-01,6.108394417671383358e-01,6.394027180493117024e-01,6.685913096309945569e-01,6.984040002226061805e-01,7.288833833570890208e-01,7.599241031829759851e-01,7.915907079094777199e-01,8.238534811690115811e-01,8.567258863686044723e-01,8.901836860584817490e-01,9.242597984747737971e-01,9.589118436853587557e-01,9.941569068801429099e-01,1.030047012522038674e+00,1.066450045355020304e+00,1.103427485284267817e+00,1.140986770529627270e+00,1.179112631544743772e+00,1.217795315905044751e+00,1.257051658472678080e+00,1.296854605718671172e+00,1.337212547877194346e+00,1.378119723893801885e+00
8.333216991619689373e-02,9.242576280866933447e-02,1.021972241796263031e-01,1.126598064298187096e-01,1.238257229959641575e-01,1.357146726140392168e-01,1.483100370872158513e-01,1.616243315646437861e-01,1.756520116626969219e-01,1.903951617392659890e-01,2.058438810605524583e-01,2.219987232770415375e-01,2.388871028854875900e-01,2.564357302009986905e-01,2.746735109838627231e-01,2.936015198417831762e-01,3.132086959965588169e-01,3.334900970071662529e-01,3.544399724702991805e-01,3.760560077680558111e-01,3.983330067100857019e-01,4.212709068639972632e-01,4.448991128522069571e-01,4.691323359175821328e-01,4.940087268967456313e-01,5.195269090289427183e-01,5.456770742745165048e-01,5.724550260236721533e-01,5.998573836308658258e-01,6.278891731161068135e-01,6.565372755486661438e-01,6.857886789179340470e-01,7.157200569112743826e-01,7.461994075720317365e-01,7.772765234144880520e-01,8.089540310643750232e-01,8.412249280631393100e-01,8.740925593235081559e-01,9.075435473981462442e-01,9.415807335416489510e-01,9.761872157830232544e-01,1.011444494390689952e+00,1.047203231473662122e+00,1.083551013746182790e+00,1.120438105041267951e+00,1.157886132508110011e+00,1.195901039111169961e+00,1.234472643999469543e+00,1.273580389448106587e+00,1.313250824521053017e+00,1.353464642007673469e+00
8.281781314884680001e-02,9.174381051816407617e-02,1.013175743877162971e-01,1.115701297631901956e-01,1.225094554265063196e-01,1.341509429102849260e-01,1.464887294897294079e-01,1.595261259388286168e-01,1.732690869873118322e-01,1.877093613052064069e-01,2.028440676676965537e-01,2.186744246594024832e-01,2.352233432139853864e-01,2.524229461229699489e-01,2.703050720988730560e-01,2.888578359023247222e-01,3.080790452924805356e-01,3.279668654348506518e-01,3.485152851150703501e-01,3.697177869369264180e-01,3.915693197601566866e-01,4.140709160843482062e-01,4.372491121761836741e-01,4.610280866136315936e-01,4.854386212148285029e-01,5.104789906373695674e-01,5.361467860620678927e-01,5.624338537324844456e-01,5.893373651244223632e-01,6.168509272413763567e-01,6.449744835011654853e-01,6.737087481131326383e-01,7.030872280539570696e-01,7.330201350352588685e-01,7.635448915575556716e-01,7.946494581446775785e-01,8.263480895197324871e-01,8.586433318793961211e-01,8.914982646488510687e-01,9.249247315568637218e-01,9.589361892128227538e-01,9.935610542435834303e-01,1.028713214284477484e+00,1.064415062728477634e+00,1.100664541259474438e+00,1.137489398415443054e+00,1.174845751326161869e+00,1.212758900228394721e+00,1.251206150270195661e+00,1.290206446602286006e+00,1.329719567856402662e+00
8.234486595080819926e-02,9.110545665419134131e-02,1.004996010077929131e-01,1.105479787765701882e-01,1.212723889484633583e-01,1.326787497124167492e-01,1.447653837997470994e-01,1.575426134409536327e-01,1.710070702351184913e-01,1.851586893107266263e-01,1.999927672843052062e-01,2.155080284651250955e-01,2.317327983789775891e-01,2.485992968434550532e-01,2.661281745574929913e-01,2.843245990456314543e-01,3.031828783842140940e-01,3.226887122930259255e-01,3.428454294227194499e-01,3.636505510437675337e-01,3.850921083166505277e-01,4.071678870698414165e-01,4.299218331262293913e-01,4.532639379993826378e-01,4.772291260854267803e-01,5.018092167856728070e-01,5.270113416201148704e-01,5.528189889297485671e-01,5.792355512456144329e-01,6.062542078463775130e-01,6.338760922096434713e-01,6.620888288283413026e-01,6.909525561020750661e-01,7.203564951693065543e-01,7.503432703608303722e-01,7.809106442275086657e-01,8.120591269562893455e-01,8.437659644178860940e-01,8.760602337836762565e-01,9.089139849381173697e-01,9.423439498310152151e-01,9.763850161977055686e-01,1.010917616794615670e+00,1.046017686456198748e+00,1.081664245606642316e+00,1.117858833889520787e+00,1.154581612487846742e+00,1.191859595891199941e+00,1.229678802447577102e+00,1.268027891758222170e+00,1.306897927480279664e+00
8.190824743986456491e-02,9.051536553644899674e-02,9.973573203001709353e-02,1.095937036669327458e-01,1.201051796362557766e-01,1.312910765623825360e-01,1.431379323004609294e-01,1.556600016166242162e-01,1.688589405802375654e-01,1.827328438303561231e-01,1.972796496016525625e-01,2.124951935111002166e-01,2.284040448519251976e-01,2.449420557324288039e-01,2.621435290604494650e-01,2.799962057608230137e-01,2.984947578058675388e-01,3.176392627087801790e-01,3.374194820424935570e-01,3.578373342233616139e-01,3.788890697568326194e-01,4.005618001465023892e-01,4.229016007869977334e-01,4.458172049774553058e-01,4.693480761745425500e-01,4.934879082991723287e-01,5.182370640266893425e-01,5.435845041806338651e-01,5.695356754014889722e-01,5.960806362789820012e-01,6.232154519776206270e-01,6.509398947550284475e-01,6.792996615640138902e-01,7.081878218139061598e-01,7.376555124124291041e-01,7.676971609771122695e-01,7.983125261509049775e-01,8.294883083250432776e-01,8.612177258788851208e-01,8.935182931500970094e-01,9.263814616170643612e-01,9.598484629568766469e-01,9.937942383374547273e-01,1.028313060547072277e+00,1.063373867738913514e+00,1.098957335138780023e+00,1.135088254685663545e+00,1.171742497965518215e+00,1.208937727648185856e+00,1.246645214838369986e+00,1.284895882896095243e+00
8.150263833363792509e-02,8.996585205990616230e-02,9.902201230500949636e-02,1.086954140295366411e-01,1.190102564096172932e-01,1.299803847967078985e-01,1.415985685619681744e-01,1.538792218678183277e-01,1.668218842434716076e-01,1.804291738685825930e-01,1.946965926098647992e-01,2.096205672227341998e-01,2.252288931815207840e-01,2.414597654006870320e-01,2.583361689555592200e-01,2.758536185092716475e-01,2.940109033748934952e-01,3.128030161099007445e-01,3.322255358189506458e-01,3.522718411180668086e-01,3.729390534149094605e-01,3.942218045123319636e-01,4.161600822224826302e-01,4.386702286089768088e-01,4.617812670428559363e-01,4.854980990474322966e-01,5.098105447208266527e-01,5.347199001497002779e-01,5.602228940386122513e-01,5.862976942185326168e-01,6.129701219125809342e-01,6.402121762198962340e-01,6.680876615503577032e-01,6.964811404568812536e-01,7.254464020054376405e-01,7.549743469610953328e-01,7.850765589223924756e-01,8.157264420992667020e-01,8.469448614108143758e-01,8.787061641064602968e-01,9.110047224499042695e-01,9.439178140883688339e-01,9.773202083750176516e-01,1.011265248367344549e+00,1.045737691966151406e+00,1.080745484323242023e+00,1.116288140727025313e+00,1.152342704762844727e+00,1.188953266135700071e+00,1.226051962431820908e+00,1.263672615516383102e+00
8.113641716596783904e-02,8.945598634873097588e-02,9.835475976841240309e-02,1.078568997253003814e-01,1.179812184973124123e-01,1.287435205802425486e-01,1.401436881115036559e-01,1.521913611173228431e-01,1.648892942101500281e-01,1.782388921184799579e-01,1.922358571286848228e-01,2.068817341318749947e-01,2.221991574017720406e-01,2.381274127368612770e-01,2.546913865462551718e-01,2.718926592033433232e-01,2.897197235841885710e-01,3.081718514875210202e-01,3.272408425055005066e-01,3.469289568015848091e-01,3.672276519546576190e-01,3.881422729420440643e-01,4.096940474498614870e-01,4.318076140806516583e-01,4.545187745239162025e-01,4.778224898114717956e-01,5.017164601242740662e-01,5.261974257744497230e-01,5.512571985133275509e-01,5.768984383965923834e-01,6.031105270279176755e-01,6.298877696848086405e-01,6.573034753763978832e-01,6.852202138354880345e-01,7.137111271466636264e-01,7.427371104586755202e-01,7.723358356387023393e-01,8.024980497631973853e-01,8.331709668955732395e-01,8.644243658396774110e-01,8.962117994347895689e-01,9.285864379756586517e-01,9.614271590718161953e-01,9.948258175420424676e-01,1.028752949954839568e+00,1.063190141141143963e+00,1.098159357107337364e+00,1.133654993550919032e+00,1.169660127597401011e+00,1.206186964339701184e+00,1.243214427044361692e+00
8.079157791504544550e-02,8.898560597753696344e-02,9.773479624526401621e-02,1.070692424236615592e-01,1.170111681325667480e-01,1.275781683648925524e-01,1.387676751400520880e-01,1.505886531328966271e-01,1.630530661785023205e-01,1.761550360687843819e-01,1.898943089000620921e-01,2.042679188284327874e-01,2.193058543022312901e-01,2.349466721211170006e-01,2.512116215036882538e-01,2.680999778848692783e-01,2.856068515068569957e-01,3.037329169866339051e-01,3.224687188616942035e-01,3.418098642138100995e-01,3.617566712631215542e-01,3.823017805300045757e-01,4.034804797586904468e-01,4.252137742184089464e-01,4.475332577135184287e-01,4.704388922302330522e-01,4.939277079134145598e-01,5.179952921596095994e-01,5.426375177434646924e-01,5.678474160708916196e-01,5.936276547519659941e-01,6.199627760211279259e-01,6.469224166883915661e-01,6.743718571083148206e-01,7.023920529895937293e-01,7.309610811058144808e-01,7.600634400799782808e-01,7.897141402452088066e-01,8.199077538996899506e-01,8.506355809309945615e-01,8.819098023348536097e-01,9.137849255365316781e-01,9.461189223501442758e-01,9.789682164540581821e-01,1.012365929277193821e+00,1.046256744753012002e+00,1.080675057318100762e+00,1.115612864371600566e+00,1.151070770634579299e+00,1.187028113623251224e+00,1.223473509173585105e+00
8.047732704154754446e-02,8.854617138672302157e-02,9.715657354900412990e-02,1.063296775187546755e-01,1.160985932005056676e-01,1.264765652015559239e-01,1.374649355366158177e-01,1.490718884507527819e-01,1.613066331957978827e-01,1.741671040848411234e-01,1.876574701719729843e-01,2.017749439251023125e-01,2.165413494306461240e-01,2.319000689989689779e-01,2.478742731907554175e-01,2.644684666543107299e-01,2.816693689446827520e-01,2.994781839189258332e-01,3.178861844236767764e-01,3.368954849928745277e-01,3.564969628499370935e-01,3.766899296846700773e-01,3.975088469659276980e-01,4.188757259813715161e-01,4.408251730009696279e-01,4.633473253419626015e-01,4.864419641355983703e-01,5.101064246772657462e-01,5.343402288439246250e-01,5.591316654806162134e-01,5.844894454035364229e-01,6.103979959585790205e-01,6.369106799585431133e-01,6.639236310957998821e-01,6.914781675191769006e-01,7.195868685411460630e-01,7.482190903243279845e-01,7.774104844375080425e-01,8.071325808372650235e-01,8.373846593083270617e-01,8.681555871470543195e-01,8.995203028135617673e-01,9.313298811819771261e-01,9.636818105955320402e-01,9.965457064598853831e-01,1.029920104746991472e+00,1.063814657150301324e+00,1.098205226364892262e+00,1.133099727142246937e+00,1.168506708747220513e+00,1.204418022170626656e+00
8.019185305754504556e-02,8.814452375430824327e-02,9.661671739728781849e-02,1.056401111502927176e-01,1.152384643282511473e-01,1.254352192463898674e-01,1.362301704300218075e-01,1.476312831222916788e-01,1.596460226396286541e-01,1.722815494215200471e-01,1.855302373661857351e-01,1.993905605247454915e-01,2.138970453742234379e-01,2.289886453417191436e-01,2.446863688765588130e-01,2.609883702495189861e-01,2.778914643228804771e-01,2.953890264735228866e-01,3.134861282594671450e-01,3.321730667722688768e-01,3.514473579535807857e-01,3.712995713199019332e-01,3.917700064210674626e-01,4.127818698619649118e-01,4.343612340307932418e-01,4.565155820736040426e-01,4.792291310153006800e-01,5.025098885683253469e-01,5.263410888943713672e-01,5.507333870381331264e-01,5.756784809530486324e-01,6.011759843023394279e-01,6.272608537471896506e-01,6.538412746310937607e-01,6.809732827472839700e-01,7.086253590141143865e-01,7.368241450614300136e-01,7.655361599120354965e-01,7.948086616260860993e-01,8.245695606846450421e-01,8.548735285083279845e-01,8.857374577144849770e-01,9.170729323295537805e-01,9.489200542924337567e-01,9.812758045871668999e-01,1.014146377909524555e+00,1.047508861321699847e+00,1.081390904004692510e+00,1.115759432253531358e+00,1.150628518754311491e+00,1.185995310492189869e+00
7.992459636835973213e-02,8.776418025842913639e-02,9.611131314349428967e-02,1.049897240124176706e-01,1.144297241915124691e-01,1.244577593583574837e-01,1.350599579447980259e-01,1.462629039753706728e-01,1.580692622667360381e-01,1.704809361899370657e-01,1.834968949205705302e-01,1.971211157284559479e-01,2.113764078636118371e-01,2.262013835808810436e-01,2.416255356441015523e-01,2.576523725158509359e-01,2.742686569140567188e-01,2.914740347634272588e-01,3.092649771863619224e-01,3.276354817797295649e-01,3.465852050213129587e-01,3.661104904405079186e-01,3.862442418245731757e-01,4.069118465175923793e-01,4.281431718520715135e-01,4.499347668085363350e-01,4.722863648279492788e-01,4.951911360647452409e-01,5.186442483472666343e-01,5.426512949618790271e-01,5.671958240774458426e-01,5.922772859315907912e-01,6.179645012835862650e-01,6.441306248139210267e-01,6.708291460850036581e-01,6.980534977397493401e-01,7.258072052596407087e-01,7.540880529365198148e-01,7.828803636846947134e-01,8.121931714093736376e-01,8.420501279054714017e-01,8.724446154487995875e-01,9.032901642339601356e-01,9.346431639673877800e-01,9.665413137176156466e-01,9.989036805013573606e-01,1.031768364907393876e+00,1.065124596209774843e+00,1.098989581409506533e+00,1.133346763949462765e+00,1.168191773284104507e+00
